source_order,trade_date,ticker,description,account_type,signed_shares,display_price,fee,cash_amount,settlement_date,ledger_price,executed_at,time_basis,order_placed_at,order_number,order_type,time_in_force,conditions,market_session,price_improvement
1,2026-09-29,RBLX,ROBLOX CORP CL A,Margin,-125,41.87,0.11,5233.64,2026-09-30,41.87,2026-09-29T10:26:34-04:00,execution,2026-09-29T10:26:34-04:00,1DC0DGQS,Market,Day,None,Standard,2.50
2,2026-09-29,RBLX,ROBLOX CORP CL A,Margin,-125,41.77,0.11,5220.52,2026-09-30,41.765,2026-09-29T10:32:01-04:00,execution,2026-09-29T10:32:01-04:00,1DC0HWFD,Market,Day,None,Standard,1.88
3,2026-09-29,GRDN,GUARDIAN PHARMACY SVCS INC CL A,Margin,-200,40.77,0.17,8152.83,2026-09-30,40.765,2026-09-29T10:21:13-04:00,execution,2026-09-29T10:21:13-04:00,1DC0JG54,Market,Day,None,Standard,
4,2026-09-29,PBF,PBF ENERGY INC COM USD0.001,Margin,-50,73.85,0.08,3692.42,2026-09-30,73.85,2026-09-29T10:16:36-04:00,execution,2026-09-29T10:16:35-04:00,1DC0F1PN,Market,Day,None,Standard,2.50
5,2026-09-29,PBF,PBF ENERGY INC COM USD0.001,Margin,-50,73.93,0.08,3696.42,2026-09-30,73.93,2026-09-29T10:09:42-04:00,execution,2026-09-29T10:09:42-04:00,1DC0K0KC,Market,Day,None,Standard,
6,2026-09-29,RBLX,ROBLOX CORP CL A,Margin,125,41.04,,-5130.00,2026-09-30,41.04,2026-09-29T09:52:23-04:00,execution,2026-09-29T09:52:22-04:00,1DC0BM18,Market,Day,None,Standard,
7,2026-09-29,PAYP,PAYPAY CORPORATION SPON ADS EACH REP 1 SHS,Margin,-600,16.13,0.20,9677.80,2026-09-30,16.13,2026-09-29T09:47:46-04:00,execution,2026-09-29T09:47:46-04:00,1DC0769T,Market,Day,None,Standard,3.00
8,2026-09-29,VCYT,VERACYTE INC,Cash,-120,46.68,0.12,5600.88,2026-09-30,46.675,2026-09-29T09:36:49-04:00,execution,2026-09-29T09:36:49-04:00,1DC09QQ7,Market,Day,None,Standard,
9,2026-09-29,PBF,PBF ENERGY INC COM USD0.001,Margin,100,73.44,,-7343.50,2026-09-30,73.435,2026-09-29T09:36:30-04:00,execution,2026-09-29T09:36:30-04:00,1DC01NLQ,Market,Day,None,Standard,1.59
10,2026-09-29,PAYP,PAYPAY CORPORATION SPON ADS EACH REP 1 SHS,Margin,600,15.97,,-9579.00,2026-09-30,15.965,2026-09-29T09:35:43-04:00,execution,2026-09-29T09:35:43-04:00,1DC070W6,Market,Day,None,Standard,
11,2026-09-29,GRDN,GUARDIAN PHARMACY SVCS INC CL A,Margin,200,40.51,,-8102.00,2026-09-30,40.51,2026-09-29T09:35:07-04:00,execution,2026-09-29T09:35:07-04:00,1DC009CW,Market,Day,None,Standard,
12,2026-09-29,RBLX,ROBLOX CORP CL A,Margin,125,41.54,,-5192.50,2026-09-30,41.54,2026-09-29T09:34:44-04:00,order_time_proxy,2026-09-29T09:34:44-04:00,1DC00YY3,Market,Day,None,Standard,
13,2026-09-28,VCYT,VERACYTE INC,Cash,120,45.18,,-5421.60,2026-09-29,45.18,2026-09-28T12:00:00-04:00,approx_midday,,,,,,,
14,2026-09-29,GRDN,GUARDIAN PHARMACY SVCS INC CL A,Margin,125,40.505,,-5063.13,,40.505,2026-09-29T12:25:19-04:00,execution,2026-09-29T12:25:18-04:00,1DC0W9XX,Market,Day,None,Standard,
15,2026-09-29,XXI,TWENTY ONE CAP INC COM SHS CL A,Margin,2,6.59,,-13.18,,6.59,2026-09-29T12:41:35-04:00,execution,2026-09-29T12:38:16-04:00,1DC0RC33,Limit 6.59,Day,None,Standard,
16,2026-09-29,XXI,TWENTY ONE CAP INC COM SHS CL A,Margin,8,6.59,,-52.72,,6.59,2026-09-29T12:41:37-04:00,execution,2026-09-29T12:38:16-04:00,1DC0RC33,Limit 6.59,Day,None,Standard,
17,2026-09-29,XXI,TWENTY ONE CAP INC COM SHS CL A,Margin,790,6.59,,-5206.10,,6.59,2026-09-29T12:41:58-04:00,execution,2026-09-29T12:38:16-04:00,1DC0RC33,Limit 6.59,Day,None,Standard,
18,2026-09-29,XXI,TWENTY ONE CAP INC COM SHS CL A,Margin,389,6.60,,-2567.40,,6.60,2026-09-29T12:41:17-04:00,execution,2026-09-29T12:40:15-04:00,1DC0RCCC,Limit 6.60,Day,None,Standard,
19,2026-09-29,XXI,TWENTY ONE CAP INC COM SHS CL A,Margin,411,6.60,,-2712.60,,6.60,2026-09-29T12:41:28-04:00,execution,2026-09-29T12:40:15-04:00,1DC0RCCC,Limit 6.60,Day,None,Standard,
20,2026-09-29,GRDN,GUARDIAN PHARMACY SVCS INC CL A,Margin,-125,40.71,0.11,5088.64,,40.71,2026-09-29T12:56:42-04:00,execution,2026-09-29T12:56:42-04:00,1DC0YGN9,Market,Day,None,Standard,1.25
