ticker,side,shares,price,executed_at
HOOD,buy,50.0,121.88,2026-09-04T10:08:10-04:00
COIN,buy,40.0,184.975,2026-09-04T10:08:43-04:00
MRVL,buy,40.0,217.952,2026-09-04T10:09:11-04:00
CIEN,buy,30.0,320.73,2026-09-04T10:09:39-04:00
CIEN,sell,30.0,320.93,2026-09-04T15:57:30-04:00
COIN,sell,40.0,184.45,2026-09-04T15:57:59-04:00
HOOD,sell,50.0,122.145,2026-09-04T15:58:16-04:00
MRVL,sell,40.0,223.635,2026-09-04T15:58:29-04:00
MRNA,buy,70.0,142.2,2026-09-08T10:01:23-04:00
APH,buy,120.0,83.35,2026-09-08T10:02:00-04:00
MRNA,sell,70.0,140.46,2026-09-08T15:55:56-04:00
APH,sell,120.0,81.83,2026-09-08T15:56:14-04:00
ABM,buy,200.0,50.32,2026-09-09T10:00:00-05:00
TBBK,buy,200.0,51.24,2026-09-09T10:00:00-05:00
BRZE,buy,400.0,25.13,2026-09-09T10:00:00-05:00
CASY,buy,16.0,610.59,2026-09-09T10:00:00-05:00
COHR,buy,33.0,310.65,2026-09-09T10:00:00-05:00
PLTR,buy,60.0,170.09,2026-09-09T10:00:00-05:00
TTAN,buy,165.0,61.71,2026-09-09T10:00:00-05:00
SFD,buy,500.0,20.7,2026-09-09T10:00:00-05:00
ABM,sell,200.0,49.52,2026-09-10T10:00:00-05:00
TBBK,sell,200.0,50.32,2026-09-10T10:00:00-05:00
BRZE,sell,400.0,24.17,2026-09-10T10:00:00-05:00
CASY,sell,16.0,650.9,2026-09-10T10:00:00-05:00
COHR,sell,33.0,305.52,2026-09-10T10:00:00-05:00
PLTR,sell,60.0,167.46,2026-09-10T10:00:00-05:00
SFD,sell,500.0,20.78,2026-09-10T10:00:00-05:00
FLY,buy,500.0,21.36,2026-09-11T09:40:00-05:00
IREN,buy,250.0,43.9,2026-09-11T09:40:00-05:00
NBIS,buy,50.0,228.24,2026-09-11T09:40:00-05:00
UCTT,buy,130.0,73.74,2026-09-11T09:40:00-05:00
NVTS,buy,900.0,11.78,2026-09-11T09:40:00-05:00
UCTT,sell,130.0,74.86,2026-09-11T10:30:00-05:00
TTAN,buy,200.0,54.12,2026-09-11T10:30:00-05:00
TTAN,buy,100.0,54.07,2026-09-11T10:30:00-05:00
FLY,sell,300.0,21.48,2026-09-11T11:00:00-05:00
FLY,sell,200.0,21.45,2026-09-11T11:00:00-05:00
IREN,sell,250.0,44.21,2026-09-11T11:00:00-05:00
NVTS,sell,900.0,11.685,2026-09-11T15:18:00-05:00
NBIS,sell,50.0,225.16,2026-09-11T14:29:00-05:00
XNDU,buy,1300.0,7.81,2026-09-15T09:53:00-04:00
PL,buy,650.0,16.025,2026-09-15T09:52:00-04:00
RBLX,buy,200.0,50.47,2026-09-15T09:51:00-04:00
RBLX,sell,200.0,50.61,2026-09-15T14:51:00-04:00
PL,sell,650.0,16.07,2026-09-15T14:51:00-04:00
XNDU,sell,1300.0,7.85,2026-09-15T14:51:00-04:00
XNDU,buy,1300.0,7.81,2026-09-16T10:01:00-04:00
TTAN,sell,465.0,58.465,2026-09-16T10:02:00-04:00
XNDU,buy,1350.0,7.65,2026-09-16T11:00:00-04:00
XNDU,buy,1350.0,7.65983,2026-09-16T11:03:00-04:00
XNDU,buy,1400.0,7.62,2026-09-16T11:26:00-04:00
XNDU,buy,1400.0,7.625,2026-09-16T11:26:00-04:00
XNDU,buy,1400.0,7.5918,2026-09-16T11:36:00-04:00
XNDU,sell,8200.0,7.7201,2026-09-16T12:21:00-04:00
XNDU,buy,1300.0,7.71,2026-09-17T09:41:36-04:00
XNDU,buy,1300.0,7.6905,2026-09-17T10:00:00-04:00
XNDU,buy,1300.0,7.62,2026-09-17T10:15:00-04:00
XNDU,buy,1400.0,7.6433,2026-09-17T10:20:00-04:00
XNDU,buy,1400.0,7.64,2026-09-17T10:26:02-04:00
XNDU,buy,2800.0,7.63987143,2026-09-17T11:10:32-04:00
XNDU,buy,1300.0,7.6299,2026-09-17T11:26:37-04:00
XNDU,sell,10800.0,7.65237861,2026-09-17T11:42:07-04:00
BLSH,buy,280.0,36.3,2026-09-18T09:49:12-04:00
BLSH,sell,560.0,36.645,2026-09-18T09:51:39-04:00
BHVN,buy,730.0,13.78,2026-09-18T09:54:10-04:00
BHVN,buy,730.0,13.72,2026-09-18T09:58:52-04:00
BHVN,buy,715.0,13.57,2026-09-18T10:01:39-04:00
BHVN,buy,1430.0,13.6197,2026-09-18T10:03:50-04:00
BHVN,buy,740.0,13.625,2026-09-18T10:08:25-04:00
BHVN,buy,715.0,13.57,2026-09-18T10:11:54-04:00
XENE,buy,250.0,41.055,2026-09-18T10:12:42-04:00
BHVN,sell,5790.0,13.74,2026-09-18T10:30:26-04:00
BHVN,buy,730.0,13.82,2026-09-18T09:50:00-04:00
BLSH,buy,280.0,36.6,2026-09-18T09:48:00-04:00
ALHC,buy,1200.0,8.61,2026-09-18T09:47:00-04:00
ALHC,sell,1200.0,8.74,2026-09-18T10:20:00-04:00
XENE,buy,250.0,40.7399,2026-09-18T10:51:59-04:00
XENE,buy,500.0,40.05,2026-09-18T11:00:00-04:00
XENE,buy,250.0,40.01,2026-09-18T11:18:50-04:00
XENE,buy,250.0,39.998,2026-09-18T11:20:35-04:00
XENE,sell,1500.0,40.37,2026-09-18T11:27:42-04:00
PS,buy,205.0,49.19,2026-09-21T09:43:00-04:00
MRNA,buy,60.0,164.24,2026-09-21T09:44:21-04:00
CHRN,buy,485.0,20.705,2026-09-21T09:44:49-04:00
ALMR,buy,285.0,34.76,2026-09-21T09:45:27-04:00
AXTI,buy,135.0,74.355,2026-09-21T09:46:15-04:00
AXTI,sell,135.0,75.405,2026-09-21T09:48:24-04:00
PS,buy,220.0,48.055,2026-09-21T09:49:45-04:00
ALMR,sell,285.0,34.74,2026-09-21T09:50:03-04:00
MRNA,sell,39.0,167.16,2026-09-21T09:59:01-04:00
MRNA,sell,21.0,167.1315,2026-09-21T09:59:01-04:00
PS,buy,220.0,47.715,2026-09-21T10:00:21-04:00
CHRN,sell,485.0,20.7201,2026-09-21T10:22:37-04:00
PS,buy,220.0,47.21,2026-09-21T10:25:00-04:00
PS,buy,225.0,46.695,2026-09-21T10:30:00-04:00
PS,sell,1090.0,47.99,2026-09-21T10:35:00-04:00
HHH,buy,155.0,65.21,2026-09-22T09:45:00-04:00
GRAL,buy,95.0,106.22,2026-09-22T09:46:00-04:00
PLBL,buy,1650.0,6.08,2026-09-22T09:47:08-04:00
XNDU,buy,1000.0,5.415,2026-09-22T09:49:07-04:00
GRAL,sell,95.0,107.89,2026-09-22T10:08:02-04:00
XNDU,sell,1000.0,5.66,2026-09-22T10:10:04-04:00
PLBL,buy,1800.0,5.895,2026-09-22T10:45:01-04:00
HHH,sell,155.0,65.745,2026-09-22T10:56:28-04:00
PLBL,buy,1800.0,5.855,2026-09-22T11:20:26-04:00
PLBL,sell,5250.0,5.985,2026-09-22T11:25:52-04:00
PLBL,buy,900.0,5.93,2026-09-22T11:33:46-04:00
PLBL,buy,900.0,5.96,2026-09-22T11:33:46-04:00
TRLV,buy,800.0,12.64,2026-09-23T09:45:00-04:00
ALKT,buy,700.0,14.53,2026-09-23T09:46:00-04:00
AMR,buy,55.0,182.62,2026-09-23T09:47:00-04:00
CNR,buy,60.0,92.465,2026-09-23T09:50:28-04:00
TRLV,buy,800.0,12.45,2026-09-23T09:57:37-04:00
ALKT,sell,700.0,14.7601,2026-09-23T10:02:30-04:00
TRLV,buy,800.0,12.335,2026-09-23T10:03:33-04:00
PLBL,sell,900.0,5.9416,2026-09-23T10:12:02-04:00
PLBL,sell,900.0,5.95,2026-09-23T10:12:42-04:00
TRLV,buy,800.0,12.2996,2026-09-23T10:13:39-04:00
CNR,sell,60.0,92.78,2026-09-23T10:23:47-04:00
TRLV,sell,3200.0,12.62,2026-09-23T10:37:23-04:00
AMR,sell,55.0,183.64,2026-09-23T10:38:08-04:00
TRLV,buy,500.0,12.13,2026-09-24T10:42:58-04:00
XNDU,buy,2000.0,4.98,2026-09-24T10:43:33-04:00
XNDU,buy,2000.0,4.95,2026-09-24T11:05:33-04:00
TRLV,buy,500.0,12.08,2026-09-24T11:10:36-04:00
XNDU,buy,2000.0,4.91,2026-09-24T11:11:04-04:00
TRLV,buy,800.0,12.085,2026-09-24T11:16:08-04:00
TRLV,buy,1000.0,12.05,2026-09-24T11:24:28-04:00
TRLV,sell,3800.0,12.1101,2026-09-24T11:54:50-04:00
XNDU,sell,2000.0,4.995,2026-09-24T12:35:29-04:00
XNDU,sell,8000.0,5.015,2026-09-24T12:36:04-04:00
FSLY,buy,200.0,26.71,2026-09-24T09:36:50-04:00
VKTX,buy,150.0,35.6681,2026-09-24T09:37:37-04:00
ACMR,buy,65.0,76.025,2026-09-24T09:38:56-04:00
TRLV,buy,500.0,12.365,2026-09-24T09:39:58-04:00
VKTX,sell,150.0,36.4,2026-09-24T09:42:20-04:00
FSLY,sell,200.0,27.164,2026-09-24T09:44:31-04:00
XNDU,buy,1000.0,5.065,2026-09-24T09:45:22-04:00
ACMR,buy,70.0,74.88,2026-09-24T09:56:52-04:00
TRLV,buy,500.0,12.2309,2026-09-24T09:57:13-04:00
XNDU,buy,1000.0,5.075,2026-09-24T09:58:20-04:00
ACMR,sell,135.0,76.42,2026-09-24T10:01:25-04:00
XNDU,buy,2000.0,5.025,2026-09-24T10:05:49-04:00
WRBY,buy,400.0,25.81,2026-09-25T09:37:21-04:00
PL,buy,300.0,17.74333333,2026-09-25T09:37:58-04:00
KRMN,buy,150.0,34.78,2026-09-25T09:42:56-04:00
IONQ,sell,200.0,44.87,2026-09-25T09:49:17-04:00
PL,sell,300.0,17.82,2026-09-25T09:55:57-04:00
KRMN,buy,200.0,34.35,2026-09-25T10:03:02-04:00
WRBY,buy,400.0,25.655,2026-09-25T10:07:52-04:00
WRBY,sell,400.0,26.29,2026-09-25T10:29:11-04:00
KRMN,buy,200.0,33.85,2026-09-25T10:55:13-04:00
KRMN,buy,200.0,33.54,2026-09-25T11:21:12-04:00
WRBY,sell,400.0,26.14005,2026-09-25T11:59:47-04:00
KRMN,sell,200.0,34.1901,2026-09-25T12:07:20-04:00
KRMN,sell,700.0,34.345,2026-09-25T12:07:40-04:00
TWST,buy,30.0,182.515,2026-09-25T15:18:00-04:00
FRVO,buy,300.0,15.085,2026-09-25T15:26:12-04:00
FRVO,sell,300.0,15.255,2026-09-25T15:43:01-04:00
TWST,sell,30.0,182.705,2026-09-25T15:53:12-04:00
IONQ,buy,200.0,44.43,2026-09-25T09:44:00-04:00
SHOP,buy,40.0,137.12,2026-09-28T09:35:00-05:00
VCYT,buy,120.0,45.95,2026-09-28T09:35:01-05:00
RBLX,buy,200.0,43.68,2026-09-28T09:35:02-05:00
FIVN,buy,150.0,34.15,2026-09-28T09:35:03-05:00
MDB,buy,18.0,312.24,2026-09-28T09:35:04-05:00
ZS,buy,25.0,194.52,2026-09-28T09:35:05-05:00
MDB,sell,18.0,317.6,2026-09-28T09:35:06-05:00
ZS,sell,25.0,196.72,2026-09-28T09:35:07-05:00
RBLX,buy,200.0,43.0,2026-09-28T09:35:08-05:00
FIVN,sell,150.0,34.31,2026-09-28T09:35:09-05:00
SHOP,sell,40.0,137.45,2026-09-28T09:35:10-05:00
RBLX,buy,200.0,42.7,2026-09-28T09:35:11-05:00
VCYT,sell,120.0,46.14,2026-09-28T09:35:12-05:00
RBLX,sell,200.0,43.14,2026-09-28T09:35:13-05:00
RBLX,sell,400.0,43.14,2026-09-28T09:35:14-05:00
RBLX,buy,200.0,43.89,2026-09-28T09:35:15-05:00
RBLX,sell,200.0,43.73,2026-09-28T09:35:16-05:00
MRVL,buy,20.0,253.91,2026-09-28T09:35:17-05:00
MRVL,sell,20.0,254.46,2026-09-28T09:35:18-05:00
VCYT,buy,120.0,45.18,2026-09-28T12:00:00-04:00
RBLX,buy,125.0,41.54,2026-09-29T09:34:44-04:00
GRDN,buy,200.0,40.51,2026-09-29T09:35:07-04:00
PAYP,buy,600.0,15.965,2026-09-29T09:35:43-04:00
PBF,buy,100.0,73.435,2026-09-29T09:36:30-04:00
VCYT,sell,120.0,46.675,2026-09-29T09:36:49-04:00
PAYP,sell,600.0,16.13,2026-09-29T09:47:46-04:00
RBLX,buy,125.0,41.04,2026-09-29T09:52:23-04:00
PBF,sell,50.0,73.93,2026-09-29T10:09:42-04:00
PBF,sell,50.0,73.85,2026-09-29T10:16:36-04:00
GRDN,sell,200.0,40.765,2026-09-29T10:21:13-04:00
RBLX,sell,125.0,41.765,2026-09-29T10:32:01-04:00
RBLX,sell,125.0,41.87,2026-09-29T10:26:34-04:00
GRDN,buy,125.0,40.505,2026-09-29T12:25:19-04:00
XXI,buy,389.0,6.6,2026-09-29T12:41:17-04:00
XXI,buy,411.0,6.6,2026-09-29T12:41:28-04:00
XXI,buy,2.0,6.59,2026-09-29T12:41:35-04:00
XXI,buy,8.0,6.59,2026-09-29T12:41:37-04:00
XXI,buy,790.0,6.59,2026-09-29T12:41:58-04:00
GRDN,sell,125.0,40.71,2026-09-29T12:56:42-04:00
XXI,buy,1300.0,6.56,2026-09-29T13:58:32-04:00
XXI,sell,2900.0,6.6037,2026-09-29T15:51:00-04:00
MBLY,buy,1000.0,7.318,2026-09-30T09:35:20-04:00
TRLV,buy,1000.0,10.6295,2026-09-30T09:36:40-04:00
APP,buy,30.0,296.25,2026-09-30T09:37:18-04:00
APP,sell,30.0,299.595,2026-09-30T09:41:06-04:00
LBRT,buy,500.0,17.885,2026-09-30T09:43:55-04:00
TRLV,buy,800.0,10.705,2026-09-30T09:46:41-04:00
MBLY,sell,500.0,7.575,2026-09-30T10:02:37-04:00
MBLY,sell,500.0,7.6701,2026-09-30T10:06:18-04:00
TRLV,buy,800.0,10.67,2026-09-30T10:12:53-04:00
LBRT,buy,600.0,17.77,2026-09-30T10:13:03-04:00
TRLV,buy,300.0,10.515,2026-09-30T10:18:51-04:00
TRLV,buy,700.0,10.5199,2026-09-30T10:18:51-04:00
LBRT,sell,400.0,17.83,2026-09-30T10:20:04-04:00
LBRT,sell,100.0,17.83,2026-09-30T10:20:04-04:00
LBRT,sell,600.0,17.88,2026-09-30T10:22:45-04:00
TRLV,buy,1000.0,10.505,2026-09-30T10:23:40-04:00
TRLV,sell,4600.0,10.695,2026-09-30T10:27:42-04:00
CTVA,buy,500.0,13.63,2026-10-01T09:38:08-04:00
LQDA,buy,200.0,26.1727,2026-10-01T09:39:48-04:00
NKTR,buy,100.0,54.9517,2026-10-01T09:41:51-04:00
CTVA,buy,500.0,13.035,2026-10-01T09:42:52-04:00
CTVA,buy,500.0,12.79,2026-10-01T09:45:16-04:00
NKTR,buy,100.0,50.51,2026-10-01T09:57:26-04:00
LQDA,sell,200.0,25.98,2026-10-01T10:28:32-04:00
CTVA,buy,1000.0,12.3,2026-10-01T10:30:11-04:00
CTVA,sell,2000.0,12.365,2026-10-01T10:43:18-04:00
CTVA,sell,200.0,12.64,2026-10-01T10:49:48-04:00
CTVA,sell,300.0,12.495,2026-10-01T11:04:36-04:00
NKTR,buy,250.0,49.075,2026-10-01T11:09:22-04:00
NKTR,sell,250.0,49.66,2026-10-01T11:21:09-04:00
NKTR,buy,200.0,48.74,2026-10-01T11:28:15-04:00
NKTR,sell,300.0,48.66,2026-10-01T11:33:32-04:00
NKTR,sell,100.0,48.82,2026-10-01T11:33:53-04:00
RITM,buy,1000.0,8.605,2026-10-01T11:34:50-04:00
RITM,sell,1000.0,8.66,2026-10-01T11:41:21-04:00
DOW,buy,200.0,27.105,2026-10-01T11:52:11-04:00
DOW,sell,200.0,27.205,2026-10-01T12:11:45-04:00
MICC,buy,500.0,17.095,2026-10-01T14:01:17-04:00
MICC,sell,500.0,17.155,2026-10-01T14:24:05-04:00
CPB,buy,500.0,19.455,2026-10-01T14:24:41-04:00
CPB,buy,1000.0,19.4299,2026-10-01T14:30:55-04:00
CPB,buy,1000.0,19.425,2026-10-01T14:35:40-04:00
CPB,buy,1000.0,19.395,2026-10-01T14:36:11-04:00
CPB,sell,3500.0,19.44023411,2026-10-01T14:42:37-04:00
MICC,buy,400.0,17.125,2026-10-01T14:44:20-04:00
MICC,buy,500.0,17.11,2026-10-01T14:54:54-04:00
MICC,sell,900.0,17.14,2026-10-01T15:12:34-04:00
CTVA,buy,500.0,12.355,2026-10-01T15:14:01-04:00
CTVA,buy,500.0,12.20108,2026-10-01T15:19:13-04:00
CTVA,buy,500.0,12.2,2026-10-01T15:23:43-04:00
CTVA,buy,500.0,12.18,2026-10-01T15:24:04-04:00
CTVA,sell,2000.0,12.23,2026-10-01T15:31:47-04:00
STX,buy,7.0,803.8286,2026-10-02T09:36:48-04:00
TH,buy,500.0,19.2566,2026-10-02T09:37:39-04:00
STX,sell,7.0,820.54,2026-10-02T09:39:12-04:00
STLA,buy,1000.0,4.475,2026-10-02T09:42:13-04:00
TH,buy,300.0,19.08,2026-10-02T09:42:39-04:00
TH,buy,200.0,19.115,2026-10-02T09:43:24-04:00
STLA,sell,1000.0,4.525,2026-10-02T09:51:05-04:00
TH,buy,250.0,19.085,2026-10-02T09:53:49-04:00
TH,buy,250.0,19.085,2026-10-02T09:54:22-04:00
TH,buy,250.0,19.05,2026-10-02T09:55:17-04:00
TH,buy,500.0,19.04,2026-10-02T09:59:28-04:00
TH,buy,500.0,18.9512,2026-10-02T10:00:16-04:00
TH,buy,500.0,18.94,2026-10-02T10:00:34-04:00
TH,buy,500.0,18.92,2026-10-02T10:12:40-04:00
TH,buy,500.0,18.91,2026-10-02T10:13:02-04:00
TH,sell,500.0,19.095,2026-10-02T10:19:45-04:00
TH,sell,2750.0,19.15,2026-10-02T10:20:23-04:00
TH,sell,1000.0,19.14,2026-10-02T10:21:21-04:00
STLA,buy,1200.0,4.465,2026-10-02T10:29:32-04:00
STLA,buy,600.0,4.44,2026-10-02T10:33:54-04:00
STLA,buy,1200.0,4.43,2026-10-02T10:50:19-04:00
STLA,buy,1200.0,4.42,2026-10-02T10:55:00-04:00
STLA,buy,2400.0,4.385,2026-10-02T11:08:24-04:00
STLA,buy,1000.0,4.385,2026-10-02T11:16:20-04:00
STLA,buy,1000.0,4.37,2026-10-02T11:20:37-04:00
STLA,buy,500.0,4.365,2026-10-02T11:25:15-04:00
STLA,buy,2.0,4.36,2026-10-02T11:34:57-04:00
STLA,sell,102.0,4.3838,2026-10-02T13:59:57-04:00
STLA,buy,1500.0,4.38,2026-10-02T14:22:02-04:00
STLA,sell,900.0,4.385,2026-10-02T15:01:51-04:00
STLA,sell,1500.0,4.385,2026-10-02T15:02:37-04:00
STLA,sell,1100.0,4.385,2026-10-02T15:03:50-04:00
STLA,sell,1200.0,4.395,2026-10-02T15:22:06-04:00
STLA,sell,1000.0,4.405,2026-10-02T15:26:24-04:00
STLA,sell,2300.0,4.405,2026-10-02T15:33:54-04:00
STLA,sell,200.0,4.4142,2026-10-02T15:35:29-04:00
STLA,sell,2300.0,4.40381739,2026-10-02T15:44:40-04:00
BMY,buy,120.0,59.63,2026-10-05T09:38:00-04:00
LQDA,buy,200.0,27.105,2026-10-05T09:40:18-04:00
LQDA,buy,200.0,26.67,2026-10-05T09:42:22-04:00
LQDA,buy,400.0,26.28,2026-10-05T09:51:15-04:00
LQDA,buy,200.0,26.16,2026-10-05T09:54:45-04:00
BMY,buy,100.0,59.5,2026-10-05T09:56:41-04:00
LQDA,sell,800.0,26.79,2026-10-05T10:05:32-04:00
LQDA,sell,200.0,26.82,2026-10-05T10:06:26-04:00
BMY,buy,200.0,58.71,2026-10-05T10:07:31-04:00
BMY,buy,200.0,58.66,2026-10-05T10:30:37-04:00
BMY,buy,100.0,58.37,2026-10-05T10:36:57-04:00
BMY,buy,100.0,58.54,2026-10-05T11:01:38-04:00
BMY,sell,520.0,58.9,2026-10-05T11:27:16-04:00
BMY,buy,100.0,58.7199,2026-10-05T11:45:47-04:00
BMY,sell,100.0,58.95,2026-10-05T12:13:21-04:00
BMY,sell,200.0,59.06,2026-10-05T12:22:46-04:00
BMY,buy,100.0,58.915,2026-10-05T13:06:24-04:00
BMY,buy,100.0,58.87,2026-10-05T13:12:00-04:00
BMY,buy,50.0,58.8599,2026-10-05T13:13:01-04:00
